concept_id	concept_ru	category	note_ru	note_en
609	сканец	cultural term	Сканец — региональное название тонкой лепёшки, характерной для карельской и вепсской кухни. Английский эквивалент отсутствует; калька skanets / flatbread рекомендуется с пояснением.	"Skanets is a regional Karelian-Veps term for a very thin rye flatbread. No direct English equivalent exists; recommend keeping the loanword ""skanets"" alongside a descriptive gloss."
611	рыбник (пирог)	cultural term	Рыбник — карельский пирог с рыбной начинкой. Не следует смешивать с финским kalakukko (в котором рыба запечена внутри ржаного хлеба). Перевод fish pie корректен как родовое понятие.	"Ryybnik is a Karelian fish-filled pie. Should not be conflated with Finnish kalakukko (fish baked inside a rye loaf). ""Fish pie"" is an acceptable generic gloss."
612	каша из муки, загуста	cultural term	"Загуста — диалектное слово для густой мучной каши или клёцок. Рекомендуется глосс ""thick flour porridge (zagusta)"" с сохранением термина."	"Zagusta is a dialect term for a thick flour porridge or dumpling-like dish. Recommend keeping the term as a loanword: ""thick flour porridge (zagusta)""."
615	крошево	cultural term	"Крошево — нарубленные зелёные (наружные) листья капусты, используемые для приготовления серых щей. Не то же самое, что рубленая белокочанная капуста. Перевод ""chopped cabbage"" технически неточен без уточнения."	Kroshevo refers specifically to chopped green outer cabbage leaves used for grey shchi soup, distinct from regular shredded cabbage. The gloss should clarify this specificity.
634	толокно	cultural term	"Толокно — мука из предварительно пропаренного и поджаренного овса. Это не обычная овсяная мука (oat flour). Ближайший английский аналог — ""oatmeal"" (по технологии), однако правильнее сохранить термин ""tolokno"" с пояснением."	"Tolokno is flour made from pre-steamed and roasted oats, distinct from regular oat flour. The closest English analogue is ""oatmeal"", but it is better to keep the loanword ""tolokno"" with a gloss."
640	кисель	cultural term	Кисель — традиционный русский/карельский напиток-десерт на крахмале и ягодах. Не путать с западным kissel. Рекомендуется сохранить транслитерацию kissel с кратким пояснением.	"Kissel is a traditional starch-thickened sweet or sour beverage-dessert, not the same as Western jelly. Recommend keeping ""kissel"" as a loanword with a brief gloss."
641	квас	cultural term	"Квас — традиционный кисломолочный хлебный напиток. Лучший перевод — ""kvas"" или ""kvass"" (устоявшийся транслитерированный термин в английских источниках)."	"Kvas is a traditional fermented bread drink. The established loanword ""kvas"" or ""kvass"" is preferred in English-language sources."
628	пивная гуща, барда	ambiguous	"Барда может обозначать как гущу после брожения пива, так и барду от перегонки. Перевод ""beer sediment / draff"" корректен в пивоваренном контексте."	"Barda may refer both to beer fermentation lees and to distillery waste. The gloss ""beer sediment / draff"" is appropriate in a brewing context."
626	раствор для киселя или блинов	ambiguous	"Понятие охватывает два разных продукта: заварное тесто для блинов и крахмальный раствор для киселя. Глосс ""starter / batter"" является обобщением; при необходимости рекомендуется уточнить контекст использования."	"The concept covers two different preparations: a fermented batter for pancakes and a starch solution for kissel. The gloss ""starter / batter"" is a generalisation; context-specific clarification may be needed."
761	подсека	agricultural term	"Подсека (подсечно-огневое земледелие) — специфическая система земледелия. Устоявшийся английский термин — ""slash-and-burn plot"" или ""swidden"". Рекомендуется использовать ""swidden"" как академически признанный термин."	"Podseka refers to a slash-and-burn agricultural plot. The established academic English term is ""swidden"" (swidden agriculture). Recommend using ""swidden"" or ""slash-and-burn plot""."
764	пожог, выженное место	agricultural term	"Пожог — участок, оставшийся после выжигания леса. Близкий термин — ""burnt clearing"" или ""swiddenfield"". Это понятие отличается от подсеки (761): подсека — это сам метод/участок до выжигания, пожог — после."	"Pozhjog is the burnt area remaining after fire-clearing. It is distinct from podseka (concept 761): podseka is the method/plot before burning, pozhjog is the result afterwards. ""Burnt clearing"" or ""fire-cleared plot"" are appropriate glosses."
773	подсека заросшая	agricultural term	"Заросшая подсека — бывшее поле подсечно-огневого земледелия, поросшее молодым лесом. Нет устоявшегося английского термина; ""overgrown swidden"" или ""abandoned slash-and-burn plot"" передают смысл."	"An overgrown swidden is a former slash-and-burn field that has regrown with young forest. No established English term; ""overgrown swidden"" or ""abandoned slash-and-burn plot"" convey the meaning."
795	перевясло	agricultural term	"Перевясло — жгут из соломы, которым перевязывают сноп. Английский термин ""straw band"" или ""withy"" (для соломенного жгута). ""Sheaf binder"" менее точен, так как это может обозначать и машину."	"Perevyaslo is a twisted straw band used to bind a sheaf. ""Straw band"" or ""straw withy"" are more precise than ""sheaf binder"", which can also denote a machine."
796	суслон, бабка	agricultural term	"Суслон (бабка) — группа снопов, поставленных вертикально конусом для просушки. Английский термин ""stook"" (British English) или ""shock"" (American English). Рекомендуется указать оба."	"Suslon is a group of sheaves set up in a field to dry. The British English term is ""stook"", the American English equivalent is ""shock"". Recommend noting both."
797	зарод	agricultural term	"Зарод — продолговатый стог, характерный для Русского Севера. Буквальный перевод ""zarod"" не имеет устоявшегося английского эквивалента; ""oblong haystack"" или ""long rick"" передают форму."	"Zarod is an elongated stack of hay or straw, characteristic of the Russian North. No established English equivalent; ""oblong haystack"" or ""long rick"" describe the shape."
821	прясло	agricultural term	"Прясло — перекладина или секция плетня/забора из жердей для сушки сена. Также означает секцию изгороди. В контексте сенокоса лучше переводить как ""hay-drying rack"" или ""hay rail""."	"Praslo is a horizontal rail or panel of a pole fence, used for drying hay. In the context of haying it is best translated as ""hay-drying rack"" or ""hay rail"". Note it also means a section of a wattle fence."
823	стожар	agricultural term	"Стожар — центральный кол в стогу. Некоторые источники используют ""staddle post"" или ""haystack pole"". Термин staddle обычно относится к опоре под стогом; ""haystack centre pole"" точнее."	"Stojhar is the central pole of a haystack around which hay is stacked. ""Haystack centre pole"" is more precise than ""staddle post"" (which typically refers to the base supports)."
800	рига	cultural term	"Рига — характерное для Карелии, Финляндии и Прибалтики строение для сушки и обмолота зерна. Термин ""riga"" используется в финноугроведческой литературе; ""threshing barn"" как поясняющий перевод."	"Riga is a Karelian/Finnish/Baltic threshing barn used for drying and threshing grain. The term ""riga"" is used in Finno-Ugric studies; ""threshing barn"" is an acceptable explanatory translation."
778	соха	cultural term	"Соха — традиционное русское/карельское пахотное орудие, принципиально отличающееся от западного плуга (plow/plough): она рыхлит почву, не переворачивая пласт. Перевод ""wooden plough"" может ввести в заблуждение; рекомендуется ""sokha (wooden forked plough)"" или оставить транслитерацию ""sokha""."	"Sokha is a traditional Russian/Karelian ard-like tillage implement, fundamentally different from a Western mouldboard plough: it loosens the soil without inverting the furrow slice. The gloss ""wooden plough"" may mislead; ""sokha"" as a loanword with a brief description is preferable."
593	хлебать	semantic range	"Хлебать означает пить или есть жидкое, зачёрпывая ложкой, или громко хлебать. ""To slurp"" передаёт звуковой аспект, ""to lap"" — движение языком. В контексте ВепКар наиболее нейтральным является ""to eat/drink (noisily)""."	"Khlebat means to eat or drink liquid by spooning or lapping, often noisily. ""To slurp"" captures the auditory aspect; ""to lap"" the motion. In VepKar context ""to eat/drink (liquid food)"" may be the most neutral gloss."
600	парить	ambiguous	"Парить в кулинарном контексте = готовить на пару (""to steam""). Но в том же тексте может означать ""парить (в бане)"" (concept 690) или ""парить (в воздухе)"". Контекст категории B181 указывает на кулинарное значение."	"Parit in the food context (B181) means ""to steam (in cooking)"". The same verb also means ""to steam oneself in the bathhouse"" (concept 690) and ""to soar/hover (in the air)"". The B181 category confirms the culinary sense here."
735	хаять	dialectal/colloquial	"Хаять — диалектный или просторечный глагол со значением ""ругать, порочить"". Литературный эквивалент — хулить, поносить. Перевод ""to disparage / to badmouth"" передаёт коннотацию."	"Khayat is a dialectal/colloquial verb meaning to criticise harshly or disparage. The literary equivalents are khúlit, ponosít. ""To disparage / to badmouth"" conveys the register."
850	яловый	ambiguous	"Яловый в применении к корове = не стельная в этом году (яловость). В применении к коже = без обработки дёгтем (яловая кожа). Перевод ""barren / yeld"" корректен для животноводческого контекста."	"Yaloviy of a cow = not having calved this year (barren / yeld). Of leather = untreated with tar (a different sense). The gloss ""barren; yeld"" is correct for the livestock context (B331)."
751	подряд	ambiguous	"Подряд может означать ""контракт/договор на работу"" (B31, что здесь) или наречие ""подряд = один за другим"". В контексте категории B31 (работа) значение — ""job contract""."	"Podryad can mean ""job contract / contract work"" (B31 context) or adverbially ""in a row / consecutively"". In category B31 (work) the nominal reading ""job contract"" is correct."
596	завтрак	existing translation check	"Нет существующего перевода; предложен ""breakfast"". Следует учитывать, что в текстах ВепКар завтрак может обозначать первый утренний приём пищи, не всегда совпадающий с западным понятием ""breakfast""."	"No previous translation. The proposed ""breakfast"" is correct. Note that in VepKar texts завтрак may sometimes refer to a mid-morning snack rather than the first meal of the day."
809	прясло	note	concept_id 821. Прясло встречается в двух значениях: (1) секция изгороди, (2) стойка для сушки сена. В данном файле оно отнесено к сенокосу (B324), что определяет значение (2).	Praslo (concept 821) has two meanings: (1) a section of a pole fence; (2) a hay-drying rack. In this file it is under the haying category B324, confirming meaning (2).
